User_ID,Age,Daily_Screen_Time(hrs),Sleep_Quality(1-10),Stress_Level(1-10),Days_Without_Social_Media,Exercise_Frequency(week),Happiness_Index(1-10),mh_score,high_risk,Gender_Female,Gender_Male,Gender_Other,Social_Media_Platform_Facebook,Social_Media_Platform_Instagram,Social_Media_Platform_LinkedIn,Social_Media_Platform_TikTok,Social_Media_Platform_X (Twitter),Social_Media_Platform_YouTube,predicted_mh_score
U001,44,3.1,7.0,6.0,2.0,5.0,10.0,-7.9,0,False,True,False,True,False,False,False,False,False,-8.072999999999995
U002,30,5.1,7.0,8.0,5.0,3.0,10.0,-3.9,0,False,False,True,False,False,True,False,False,False,-4.562000000000009
U003,23,7.4,6.0,7.0,1.0,3.0,6.0,2.4000000000000004,1,False,False,True,False,False,False,False,False,True,2.9019999999999957
U004,36,5.7,7.0,8.0,1.0,1.0,8.0,-1.3000000000000007,1,True,False,False,False,False,False,True,False,False,-1.494333333333337
U005,34,7.0,4.0,7.0,5.0,1.0,8.0,2.0,1,True,False,False,False,False,False,False,True,False,1.653666666666666
U006,38,6.6,5.0,7.0,4.0,3.0,8.0,0.5999999999999996,1,False,True,False,False,False,True,False,False,False,0.5306666666666644
U007,26,7.8,4.0,8.0,2.0,0.0,7.0,4.800000000000001,1,True,False,False,False,False,False,True,False,False,4.4813333333333185
U008,26,7.4,5.0,6.0,1.0,4.0,7.0,1.4000000000000004,1,True,False,False,False,True,False,False,False,False,1.7136666666666611
U009,39,4.7,7.0,7.0,6.0,1.0,9.0,-4.300000000000001,0,False,True,False,False,False,False,False,False,True,-4.392666666666653
U010,39,6.6,6.0,8.0,0.0,2.0,7.0,1.5999999999999996,1,True,False,False,True,False,False,False,False,False,1.2329999999999959
U011,18,2.8,7.0,6.0,2.0,0.0,7.0,-5.199999999999999,0,True,False,False,False,True,False,False,False,False,-5.279333333333343
U012,37,5.4,5.0,7.0,3.0,2.0,9.0,-1.5999999999999996,1,False,False,True,False,True,False,False,False,False,-2.5109999999999975
U013,17,7.0,7.0,10.0,7.0,1.0,8.0,2.0,1,True,False,False,False,False,False,False,False,True,1.6663333333333323
U014,39,5.7,5.0,7.0,4.0,0.0,8.0,-0.3000000000000007,1,True,False,False,True,False,False,False,False,False,-0.6603333333333361
U015,45,6.3,7.0,7.0,4.0,3.0,9.0,-2.6999999999999993,0,False,True,False,False,False,False,False,True,False,-2.8150000000000053
U016,17,5.1,7.0,6.0,2.0,5.0,10.0,-5.9,0,True,False,False,False,False,True,False,False,False,-5.900333333333338
U017,36,7.5,5.0,8.0,4.0,4.0,7.0,3.5,1,True,False,False,True,False,False,False,False,False,3.411666666666665
U018,48,5.4,6.0,4.0,3.0,4.0,10.0,-6.6,0,False,True,False,False,False,False,True,False,False,-6.197666666666648
U019,27,4.7,6.0,6.0,0.0,2.0,9.0,-4.300000000000001,0,False,True,False,False,True,False,False,False,False,-4.382333333333326
U020,37,7.1,6.0,6.0,5.0,4.0,10.0,-2.9000000000000004,0,False,True,False,False,False,False,True,False,False,-2.312666666666658
U021,40,3.0,8.0,5.0,5.0,4.0,10.0,-10.0,0,True,False,False,False,False,False,False,True,False,-10.098999999999997
U022,42,6.4,7.0,6.0,5.0,3.0,10.0,-4.6,0,False,False,True,False,False,False,True,False,False,-4.337999999999993
U023,43,3.6,8.0,5.0,3.0,1.0,9.0,-8.4,0,False,True,False,True,False,False,False,False,False,-8.512666666666687
U024,31,7.8,5.0,8.0,1.0,2.0,7.0,3.8000000000000007,1,True,False,False,False,False,False,True,False,False,3.6676666666666535
U025,30,5.0,6.0,6.0,0.0,5.0,8.0,-3.0,0,False,True,False,False,False,False,False,True,False,-2.8486666666666647
U026,18,5.7,6.0,7.0,3.0,2.0,8.0,-1.3000000000000007,1,False,False,True,False,False,False,False,True,False,-1.4976666666666714
U027,22,6.2,5.0,8.0,5.0,0.0,6.0,3.1999999999999993,1,True,False,False,False,False,False,False,True,False,3.165333333333342
U028,36,2.0,8.0,4.0,5.0,0.0,10.0,-12.0,0,True,False,False,True,False,False,False,False,False,-11.999666666666682
U029,24,4.3,6.0,6.0,5.0,2.0,10.0,-5.699999999999999,0,False,True,False,False,False,False,False,True,False,-5.853333333333358
U030,33,7.4,6.0,10.0,3.0,4.0,8.0,3.3999999999999986,1,False,True,False,False,True,False,False,False,False,3.2189999999999905
U031,19,7.1,5.0,8.0,5.0,2.0,9.0,1.0999999999999996,1,False,True,False,False,False,False,False,True,False,0.58
U032,40,6.0,6.0,7.0,5.0,4.0,7.0,0.0,1,False,True,False,False,False,False,True,False,False,0.1256666666666666
U033,29,3.1,8.0,4.0,2.0,2.0,10.0,-10.9,0,True,False,False,False,False,True,False,False,False,-10.886666666666702
U034,24,6.6,6.0,7.0,4.0,0.0,7.0,0.5999999999999996,1,True,False,False,False,False,False,True,False,False,0.6606666666666658
U035,41,6.8,8.0,7.0,2.0,2.0,9.0,-3.1999999999999993,0,False,False,True,False,False,True,False,False,False,-3.154666666666678
U036,17,5.6,6.0,7.0,4.0,3.0,7.0,-0.4000000000000003,1,False,False,True,False,False,False,True,False,False,-0.5180000000000022
U037,35,7.7,4.0,8.0,0.0,3.0,8.0,3.6999999999999993,1,True,False,False,True,False,False,False,False,False,3.614333333333349
U038,43,4.3,8.0,4.0,1.0,1.0,10.0,-9.7,0,True,False,False,False,False,False,True,False,False,-9.545333333333316
U039,22,4.6,4.0,6.0,5.0,2.0,9.0,-2.4000000000000004,1,False,False,True,True,False,False,False,False,False,-3.0166666666666564
U040,23,1.0,9.0,5.0,5.0,7.0,10.0,-13.0,0,True,False,False,True,False,False,False,False,False,-12.585333333333356
U041,29,7.2,5.0,7.0,4.0,1.0,10.0,-0.8000000000000007,1,False,True,False,False,False,False,False,True,False,-0.7196666666666686
U042,32,6.1,5.0,6.0,3.0,3.0,7.0,0.0999999999999996,1,False,True,False,False,True,False,False,False,False,0.5743333333333311
U043,19,2.5,9.0,3.0,0.0,0.0,10.0,-13.5,0,False,True,False,False,False,True,False,False,False,-13.560000000000011
U044,17,2.3,9.0,3.0,3.0,4.0,10.0,-13.7,0,False,False,True,False,False,False,False,True,False,-13.64399999999997
U045,21,3.9,6.0,6.0,4.0,1.0,8.0,-4.1,0,True,False,False,False,False,False,False,True,False,-4.527999999999992
U046,19,6.9,5.0,7.0,2.0,3.0,9.0,-0.0999999999999996,1,False,True,False,True,False,False,False,False,False,-0.48066666666666463
U047,44,5.0,4.0,7.0,2.0,1.0,8.0,0.0,1,True,False,False,True,False,False,False,False,False,-1.3519999999999994
U048,33,4.1,8.0,7.0,6.0,3.0,9.0,-5.9,0,True,False,False,False,False,True,False,False,False,-5.9380000000000175
U049,41,3.7,8.0,6.0,3.0,1.0,9.0,-7.300000000000001,0,False,True,False,False,False,False,True,False,False,-7.171666666666653
U050,49,3.6,7.0,5.0,4.0,1.0,9.0,-7.4,0,False,True,False,False,False,False,True,False,False,-7.450333333333359
U051,25,2.0,9.0,4.0,5.0,3.0,10.0,-13.0,0,True,False,False,False,False,False,False,True,False,-13.01900000000001
U052,29,3.3,7.0,5.0,1.0,2.0,10.0,-8.7,0,True,False,False,False,False,False,False,False,True,-8.656999999999996
U053,46,3.6,7.0,5.0,3.0,3.0,10.0,-8.4,0,True,False,False,False,False,False,False,False,True,-8.30500000000003
U054,30,6.7,6.0,8.0,6.0,2.0,7.0,1.6999999999999993,1,True,False,False,False,False,False,True,False,False,1.6666666666666605
U055,23,5.2,6.0,6.0,7.0,3.0,8.0,-2.8000000000000007,0,True,False,False,False,False,False,False,False,True,-2.6869999999999914
U056,29,4.0,7.0,3.0,3.0,3.0,10.0,-10.0,0,True,False,False,False,False,False,True,False,False,-8.945333333333322
U057,38,9.7,3.0,9.0,3.0,2.0,4.0,11.7,1,True,False,False,True,False,False,False,False,False,11.367333333333315
U058,36,4.3,7.0,6.0,4.0,1.0,9.0,-5.699999999999999,0,True,False,False,False,False,False,False,True,False,-5.496333333333352
U059,31,7.6,5.0,10.0,3.0,2.0,6.0,6.600000000000001,1,False,True,False,False,True,False,False,False,False,6.258999999999981
U060,33,8.4,4.0,8.0,6.0,4.0,7.0,5.399999999999999,1,False,True,False,False,False,False,False,True,False,5.14666666666668
U061,39,2.7,9.0,5.0,1.0,3.0,10.0,-11.3,0,False,True,False,False,False,False,True,False,False,-11.175000000000043
U062,41,5.6,6.0,7.0,2.0,1.0,9.0,-2.4000000000000004,1,True,False,False,False,False,False,True,False,False,-2.644666666666657
U063,40,4.6,7.0,7.0,1.0,3.0,10.0,-5.4,0,True,False,False,False,False,False,False,True,False,-5.567666666666681
U064,44,4.4,6.0,7.0,1.0,3.0,9.0,-3.5999999999999996,0,True,False,False,False,False,True,False,False,False,-4.143666666666672
U065,30,6.5,4.0,9.0,4.0,3.0,5.0,6.5,1,False,True,False,False,False,False,True,False,False,6.214000000000002
U066,16,4.4,8.0,4.0,5.0,1.0,10.0,-9.6,0,False,True,False,False,False,False,False,False,True,-9.426999999999968
U067,40,4.6,7.0,6.0,2.0,1.0,10.0,-6.4,0,False,True,False,False,False,False,False,False,True,-6.317333333333353
U068,22,5.2,9.0,7.0,5.0,1.0,10.0,-6.800000000000001,0,False,True,False,False,False,False,True,False,False,-6.740999999999981
U069,24,4.8,6.0,7.0,5.0,2.0,7.0,-1.1999999999999993,1,True,False,False,False,False,False,True,False,False,-1.0883333333333334
U070,39,3.4,8.0,6.0,7.0,3.0,10.0,-8.6,0,False,True,False,False,False,True,False,False,False,-8.41099999999998
U071,16,6.9,5.0,8.0,3.0,3.0,5.0,4.9,1,False,True,False,False,False,False,False,False,True,4.70533333333333
U072,23,7.4,6.0,7.0,2.0,3.0,8.0,0.4000000000000003,1,True,False,False,False,False,False,True,False,False,0.7656666666666692
U073,39,6.1,5.0,5.0,1.0,5.0,10.0,-3.9,0,False,True,False,False,False,False,True,False,False,-3.569666666666667
U074,26,4.8,6.0,6.0,1.0,4.0,8.0,-3.1999999999999993,0,True,False,False,False,False,True,False,False,False,-2.808333333333332
U075,32,4.2,8.0,8.0,5.0,2.0,8.0,-3.8000000000000007,0,True,False,False,False,False,True,False,False,False,-3.9679999999999853
U076,23,4.2,7.0,5.0,0.0,1.0,10.0,-7.800000000000001,0,False,True,False,False,False,False,False,True,False,-7.600666666666671
U077,48,9.7,4.0,8.0,5.0,1.0,5.0,8.7,1,True,False,False,False,False,True,False,False,False,10.14833333333333
U078,20,7.2,6.0,9.0,1.0,2.0,6.0,4.199999999999999,1,True,False,False,False,True,False,False,False,False,4.001999999999998
U079,43,4.0,7.0,7.0,2.0,4.0,9.0,-5.0,0,False,False,True,False,False,False,False,False,True,-5.907666666666675
U080,22,5.8,6.0,8.0,3.0,2.0,7.0,0.8000000000000007,1,False,True,False,False,False,False,False,True,False,0.6223333333333336
U081,24,4.8,6.0,7.0,2.0,2.0,8.0,-2.1999999999999993,1,True,False,False,False,True,False,False,False,False,-2.202000000000002
U082,23,6.6,6.0,8.0,5.0,1.0,8.0,0.5999999999999996,1,True,False,False,False,False,False,True,False,False,0.6213333333333313
U083,27,6.5,7.0,9.0,7.0,2.0,8.0,0.5,1,False,True,False,False,False,False,True,False,False,0.6593333333333323
U084,49,7.5,4.0,7.0,2.0,4.0,8.0,2.5,1,False,True,False,False,False,False,False,True,False,2.4519999999999995
U085,48,4.0,7.0,5.0,2.0,5.0,10.0,-8.0,0,False,False,True,False,False,True,False,False,False,-7.88033333333333
U086,38,5.7,5.0,6.0,3.0,2.0,9.0,-2.3000000000000007,1,True,False,False,False,False,False,True,False,False,-2.552333333333328
U087,39,2.4,7.0,4.0,4.0,2.0,10.0,-10.6,0,False,True,False,True,False,False,False,False,False,-11.10600000000001
U088,37,3.2,8.0,7.0,3.0,1.0,10.0,-7.800000000000001,0,True,False,False,False,False,False,False,True,False,-8.161000000000001
U089,42,7.1,3.0,8.0,6.0,5.0,6.0,6.1,1,False,True,False,False,True,False,False,False,False,5.662666666666653
U090,16,3.8,10.0,6.0,5.0,0.0,10.0,-10.2,0,False,True,False,False,False,False,False,True,False,-9.458333333333314
U091,29,4.0,6.0,4.0,1.0,4.0,9.0,-7.0,0,False,True,False,False,False,False,False,False,True,-7.256
U092,18,5.5,6.0,6.0,4.0,2.0,9.0,-3.5,0,False,True,False,False,False,True,False,False,False,-3.5126666666666675
U093,16,6.8,7.0,6.0,6.0,2.0,9.0,-3.1999999999999993,0,False,True,False,False,False,True,False,False,False,-3.2326666666666792
U094,20,3.6,7.0,7.0,2.0,1.0,8.0,-4.4,0,False,True,False,False,False,False,False,True,False,-4.917999999999993
U095,41,1.0,7.0,5.0,2.0,6.0,10.0,-11.0,0,True,False,False,False,False,False,True,False,False,-10.803000000000004
U096,29,3.9,7.0,6.0,2.0,3.0,10.0,-7.1,0,False,True,False,False,False,False,True,False,False,-7.080999999999979
U097,42,7.7,4.0,7.0,2.0,3.0,8.0,2.6999999999999993,1,False,True,False,True,False,False,False,False,False,2.752666666666673
U098,24,6.1,4.0,9.0,0.0,4.0,6.0,5.1,1,True,False,False,True,False,False,False,False,False,4.857999999999991
U099,30,7.9,5.0,8.0,0.0,2.0,8.0,2.9000000000000004,1,True,False,False,False,False,True,False,False,False,3.1786666666666568
U100,30,3.5,8.0,4.0,3.0,3.0,10.0,-10.5,0,True,False,False,True,False,False,False,False,False,-10.449000000000005
U101,41,2.5,9.0,4.0,6.0,3.0,10.0,-12.5,0,False,True,False,False,True,False,False,False,False,-12.513333333333353
U102,28,6.3,5.0,7.0,2.0,2.0,7.0,1.3000000000000007,1,False,True,False,True,False,False,False,False,False,1.125666666666666
U103,47,5.9,4.0,7.0,2.0,4.0,7.0,1.9000000000000004,1,False,True,False,False,True,False,False,False,False,1.7393333333333278
U104,47,6.0,6.0,7.0,6.0,2.0,9.0,-2.0,1,False,True,False,True,False,False,False,False,False,-1.9446666666666674
U105,19,7.2,5.0,6.0,1.0,0.0,9.0,-0.8000000000000007,1,False,True,False,False,False,True,False,False,False,-0.8046666666666662
U106,45,6.3,7.0,8.0,0.0,2.0,6.0,1.3000000000000007,1,False,True,False,False,False,True,False,False,False,1.6533333333333375
U107,38,6.2,7.0,7.0,1.0,3.0,9.0,-2.8000000000000007,0,False,True,False,False,True,False,False,False,False,-2.7966666666666593
U108,30,6.8,7.0,7.0,2.0,1.0,10.0,-3.1999999999999993,0,False,True,False,False,False,False,False,True,False,-3.1890000000000107
U109,44,6.4,6.0,8.0,0.0,1.0,7.0,1.4000000000000004,1,False,True,False,False,False,True,False,False,False,1.2719999999999954
U110,28,7.0,6.0,6.0,3.0,2.0,8.0,-1.0,1,False,True,False,False,False,False,False,True,False,-0.6216666666666668
U111,47,7.3,4.0,6.0,5.0,4.0,8.0,1.3000000000000007,1,False,True,False,False,False,False,True,False,False,1.4650000000000054
U112,22,8.3,5.0,10.0,0.0,2.0,6.0,7.300000000000001,1,True,False,False,False,True,False,False,False,False,6.951999999999979
U113,37,4.3,6.0,8.0,3.0,5.0,9.0,-2.6999999999999993,0,True,False,False,False,False,True,False,False,False,-3.4296666666666775
U114,43,6.4,6.0,7.0,4.0,2.0,7.0,0.4000000000000003,1,False,True,False,False,False,False,False,False,True,0.4376666666666685
U115,17,4.8,7.0,6.0,3.0,3.0,10.0,-6.199999999999999,0,True,False,False,False,False,False,True,False,False,-6.213333333333349
U116,21,4.0,9.0,5.0,3.0,2.0,10.0,-10.0,0,True,False,False,False,False,False,False,True,False,-9.849666666666664
U117,43,4.3,7.0,6.0,3.0,4.0,9.0,-5.699999999999999,0,False,True,False,False,False,True,False,False,False,-5.524333333333353
U118,43,6.4,6.0,7.0,1.0,1.0,9.0,-1.5999999999999996,1,True,False,False,False,True,False,False,False,False,-1.7350000000000052
U119,35,6.3,6.0,7.0,6.0,4.0,9.0,-1.6999999999999993,1,True,False,False,True,False,False,False,False,False,-1.8256666666666639
U120,45,6.2,5.0,8.0,5.0,3.0,8.0,1.1999999999999993,1,False,True,False,False,False,False,False,False,True,1.303666666666661
U121,26,5.1,6.0,5.0,5.0,2.0,9.0,-4.9,0,False,True,False,False,False,False,False,True,False,-4.91566666666668
U122,43,5.5,8.0,6.0,5.0,2.0,10.0,-6.5,0,True,False,False,False,False,False,True,False,False,-6.540666666666667
U123,40,7.0,4.0,6.0,0.0,5.0,8.0,1.0,1,True,False,False,False,True,False,False,False,False,1.1333333333333335
U124,48,2.8,7.0,5.0,5.0,3.0,10.0,-9.2,0,False,True,False,False,False,False,False,False,True,-9.509999999999982
U125,16,5.5,7.0,7.0,4.0,1.0,9.0,-3.5,0,False,True,False,False,True,False,False,False,False,-3.2853333333333317
U126,42,5.7,7.0,7.0,0.0,1.0,9.0,-3.3000000000000007,0,False,True,False,False,False,True,False,False,False,-3.2906666666666515
U127,28,6.9,5.0,8.0,3.0,3.0,8.0,1.9000000000000004,1,True,False,False,True,False,False,False,False,False,1.9053333333333262
U128,18,3.1,7.0,6.0,4.0,3.0,9.0,-6.9,0,True,False,False,False,False,False,True,False,False,-6.787333333333358
U129,21,8.2,5.0,7.0,6.0,4.0,7.0,3.1999999999999993,1,False,True,False,False,True,False,False,False,False,3.111666666666676
U130,23,5.9,5.0,5.0,4.0,0.0,9.0,-3.0999999999999996,0,False,True,False,False,False,False,False,True,False,-2.9430000000000076
U131,42,6.0,5.0,8.0,1.0,1.0,7.0,2.0,1,True,False,False,False,False,True,False,False,False,1.9659999999999975
U132,24,4.8,8.0,4.0,6.0,4.0,10.0,-9.2,0,False,True,False,False,False,True,False,False,False,-8.370666666666665
U133,48,6.5,6.0,8.0,3.0,3.0,8.0,0.5,1,False,True,False,False,False,False,True,False,False,0.45033333333333353
U134,39,5.6,8.0,6.0,2.0,3.0,9.0,-5.4,0,True,False,False,False,False,True,False,False,False,-4.951333333333345
U135,30,7.7,4.0,10.0,2.0,1.0,8.0,5.699999999999999,1,True,False,False,False,False,False,False,True,False,5.164000000000022
U136,47,2.9,8.0,5.0,0.0,1.0,10.0,-10.1,0,True,False,False,False,True,False,False,False,False,-10.233666666666636
U137,47,5.8,6.0,7.0,3.0,4.0,10.0,-3.1999999999999993,0,True,False,False,False,False,False,True,False,False,-3.41766666666668
U138,39,6.2,5.0,8.0,4.0,4.0,7.0,2.1999999999999993,1,False,True,False,False,False,True,False,False,False,2.1539999999999986
U139,27,5.2,7.0,5.0,2.0,1.0,10.0,-6.800000000000001,0,False,True,False,False,False,True,False,False,False,-6.630999999999981
U140,17,4.8,8.0,5.0,4.0,1.0,10.0,-8.2,0,True,False,False,False,False,False,False,True,False,-8.113000000000007
U141,18,4.8,6.0,5.0,1.0,2.0,10.0,-6.199999999999999,0,False,True,False,True,False,False,False,False,False,-6.1786666666666905
U142,32,5.8,6.0,6.0,3.0,1.0,10.0,-4.199999999999999,0,False,True,False,True,False,False,False,False,False,-4.065000000000015
U143,17,2.2,10.0,5.0,4.0,1.0,10.0,-12.8,0,False,True,False,False,False,True,False,False,False,-12.535666666666717
U144,17,7.2,7.0,8.0,3.0,1.0,8.0,0.1999999999999993,1,False,True,False,False,True,False,False,False,False,0.6486666666666648
U145,43,4.6,8.0,7.0,0.0,2.0,9.0,-5.4,0,False,True,False,False,False,False,True,False,False,-5.426333333333347
U146,38,5.7,7.0,5.0,2.0,1.0,10.0,-6.300000000000001,0,False,True,False,False,False,True,False,False,False,-6.080333333333312
U147,47,6.2,5.0,7.0,6.0,1.0,9.0,-0.8000000000000007,1,False,True,False,False,False,False,False,False,True,-1.1003333333333374
U148,48,4.6,7.0,5.0,2.0,3.0,10.0,-7.4,0,False,True,False,False,False,False,True,False,False,-7.2716666666666905
U149,16,5.3,7.0,6.0,3.0,2.0,10.0,-5.699999999999999,0,True,False,False,True,False,False,False,False,False,-5.85
U150,34,1.8,9.0,7.0,3.0,3.0,10.0,-10.2,0,True,False,False,False,False,True,False,False,False,-10.478999999999983
U151,17,6.8,5.0,8.0,6.0,0.0,6.0,3.8000000000000007,1,True,False,False,False,False,False,False,True,False,3.8319999999999914
U152,41,7.4,4.0,9.0,6.0,3.0,5.0,7.399999999999999,1,True,False,False,False,False,False,False,False,True,7.322666666666696
U153,47,2.4,7.0,7.0,5.0,6.0,9.0,-6.6,0,True,False,False,False,False,True,False,False,False,-6.88799999999998
U154,21,4.8,5.0,7.0,1.0,2.0,8.0,-1.1999999999999993,1,False,True,False,False,True,False,False,False,False,-1.4519999999999949
U155,47,3.3,8.0,5.0,4.0,4.0,10.0,-9.7,0,True,False,False,False,False,False,False,False,True,-9.845666666666654
U156,19,5.2,7.0,5.0,4.0,4.0,10.0,-6.800000000000001,0,True,False,False,False,False,True,False,False,False,-6.2873333333333346
U157,26,6.7,5.0,7.0,2.0,4.0,8.0,0.6999999999999993,1,True,False,False,False,True,False,False,False,False,0.5779999999999987
U158,32,7.3,5.0,7.0,1.0,3.0,8.0,1.3000000000000007,1,False,True,False,False,False,False,False,False,True,1.4813333333333385
U159,39,7.5,5.0,6.0,6.0,3.0,7.0,1.5,1,False,True,False,False,True,False,False,False,False,1.9856666666666665
U160,20,7.9,5.0,9.0,2.0,4.0,5.0,6.899999999999999,1,False,True,False,False,True,False,False,False,False,6.957000000000024
U161,49,5.1,5.0,7.0,6.0,3.0,8.0,-0.9000000000000004,1,False,True,False,False,False,False,False,False,True,-1.2206666666666632
U162,21,3.4,9.0,7.0,5.0,1.0,8.0,-6.6,0,True,False,False,False,False,False,False,False,True,-6.373999999999973
U163,37,5.3,7.0,6.0,4.0,0.0,10.0,-5.699999999999999,0,True,False,False,False,True,False,False,False,False,-5.640666666666676
U164,26,6.6,6.0,8.0,4.0,0.0,8.0,0.5999999999999996,1,False,True,False,True,False,False,False,False,False,0.6023333333333314
U165,31,3.3,9.0,5.0,0.0,2.0,10.0,-10.7,0,False,False,True,False,False,False,False,False,True,-10.638666666666639
U166,48,8.5,4.0,10.0,3.0,3.0,8.0,6.5,1,True,False,False,False,False,True,False,False,False,5.894666666666671
U167,24,7.1,6.0,8.0,6.0,1.0,7.0,2.0999999999999996,1,False,True,False,False,False,False,True,False,False,2.2553333333333385
U168,21,5.1,6.0,5.0,4.0,4.0,10.0,-5.9,0,False,True,False,False,False,False,False,True,False,-5.880333333333353
U169,31,4.2,8.0,6.0,3.0,2.0,10.0,-7.800000000000001,0,False,True,False,False,True,False,False,False,False,-7.7909999999999915
U170,44,4.3,8.0,6.0,6.0,2.0,10.0,-7.699999999999999,0,False,True,False,False,True,False,False,False,False,-7.523000000000008
U171,18,5.6,5.0,7.0,3.0,1.0,6.0,1.5999999999999996,1,False,True,False,False,False,False,False,True,False,0.7789999999999979
U172,35,5.1,7.0,7.0,2.0,0.0,7.0,-1.9000000000000004,1,False,True,False,True,False,False,False,False,False,-1.6083333333333285
U173,34,7.2,6.0,6.0,3.0,3.0,8.0,-0.8000000000000007,1,False,True,False,False,False,False,False,True,False,0.007666666666666728
U174,41,4.9,7.0,5.0,5.0,5.0,10.0,-7.1,0,False,True,False,False,False,False,False,False,True,-6.446000000000006
U175,18,6.4,6.0,8.0,0.0,2.0,8.0,0.4000000000000003,1,True,False,False,False,False,False,False,True,False,0.47166666666666845
U176,34,5.4,6.0,6.0,4.0,0.0,10.0,-4.6,0,False,True,False,False,True,False,False,False,False,-4.874333333333325
U177,35,6.0,7.0,7.0,5.0,4.0,8.0,-2.0,1,True,False,False,False,False,False,False,True,False,-1.9106666666666678
U178,47,5.1,7.0,4.0,2.0,0.0,9.0,-6.9,0,False,True,False,False,False,False,True,False,False,-6.146666666666687
U179,22,6.8,5.0,10.0,5.0,1.0,7.0,4.800000000000001,1,False,False,True,False,False,True,False,False,False,4.438333333333319
U180,48,6.8,4.0,7.0,4.0,2.0,7.0,2.8000000000000007,1,False,True,False,False,False,False,False,False,True,2.683999999999993
U181,33,6.3,6.0,8.0,7.0,3.0,6.0,2.3000000000000007,1,False,True,False,False,False,False,False,True,False,2.3563333333333345
U182,16,6.6,6.0,7.0,1.0,1.0,8.0,-0.4000000000000003,1,False,False,True,False,True,False,False,False,False,-0.40600000000000147
U183,26,3.8,10.0,6.0,5.0,2.0,10.0,-10.2,0,True,False,False,False,False,True,False,False,False,-9.341999999999995
U184,43,6.1,7.0,9.0,1.0,4.0,7.0,1.0999999999999996,1,True,False,False,False,False,False,False,False,True,1.0736666666666659
U185,40,7.7,3.0,9.0,0.0,4.0,5.0,8.7,1,False,True,False,False,True,False,False,False,False,7.9293333333333385
U186,38,6.4,6.0,7.0,0.0,4.0,8.0,-0.5999999999999996,1,False,True,False,True,False,False,False,False,False,-0.39466666666666667
U187,46,3.6,9.0,5.0,4.0,5.0,10.0,-10.4,0,True,False,False,False,False,False,True,False,False,-10.275666666666705
U188,45,5.4,7.0,8.0,3.0,4.0,7.0,-0.5999999999999996,1,True,False,False,True,False,False,False,False,False,-0.8369999999999974
U189,22,6.2,6.0,9.0,2.0,2.0,6.0,3.1999999999999993,1,True,False,False,False,False,False,True,False,False,2.9356666666666777
U190,31,4.1,8.0,6.0,0.0,4.0,10.0,-7.9,0,True,False,False,False,False,False,False,True,False,-7.936000000000031
U191,41,3.1,7.0,7.0,2.0,3.0,9.0,-5.9,0,False,True,False,False,False,False,False,False,True,-6.210333333333351
U192,17,4.9,7.0,6.0,3.0,3.0,10.0,-6.1,0,True,False,False,False,False,False,False,True,False,-6.123666666666654
U193,16,4.2,7.0,7.0,5.0,3.0,8.0,-3.8000000000000007,0,False,True,False,False,False,False,True,False,False,-3.8963333333333154
U194,27,5.5,6.0,8.0,3.0,1.0,7.0,0.5,1,False,True,False,False,False,False,True,False,False,-0.38133333333333336
U195,20,2.6,9.0,4.0,4.0,1.0,10.0,-12.4,0,False,True,False,False,False,False,True,False,False,-12.549000000000042
U196,47,6.5,5.0,7.0,2.0,2.0,8.0,0.5,1,True,False,False,False,False,True,False,False,False,0.4513333333333334
U197,24,4.4,8.0,7.0,6.0,3.0,10.0,-6.6,0,False,True,False,False,True,False,False,False,False,-6.836666666666646
U198,34,7.3,5.0,7.0,1.0,1.0,6.0,3.3000000000000007,1,False,True,False,False,False,False,False,False,True,3.370666666666652
U199,31,5.0,7.0,5.0,2.0,3.0,10.0,-7.0,0,True,False,False,False,False,False,False,True,False,-6.676999999999998
U200,18,5.5,5.0,6.0,2.0,6.0,9.0,-2.5,1,False,True,False,False,False,False,False,True,False,-2.653666666666666
U201,35,5.2,7.0,6.0,4.0,0.0,10.0,-5.800000000000001,0,True,False,False,True,False,False,False,False,False,-5.72166666666665
U202,39,4.3,9.0,7.0,1.0,3.0,9.0,-6.699999999999999,0,False,True,False,False,False,False,True,False,False,-6.377000000000019
U203,48,10.0,3.0,10.0,3.0,2.0,4.0,13.0,1,True,False,False,False,False,False,True,False,False,12.384999999999996
U204,39,4.6,6.0,7.0,3.0,3.0,6.0,-0.4000000000000003,1,True,False,False,False,False,False,True,False,False,-1.5089999999999946
U205,26,7.3,5.0,8.0,2.0,2.0,7.0,3.3000000000000007,1,False,True,False,False,False,False,False,True,False,3.28399999999999
U206,23,3.5,9.0,5.0,4.0,2.0,10.0,-10.5,0,False,True,False,True,False,False,False,False,False,-10.454666666666666
U207,35,6.2,4.0,8.0,1.0,3.0,7.0,3.1999999999999993,1,False,True,False,False,True,False,False,False,False,3.096000000000009
U208,40,6.4,5.0,8.0,1.0,2.0,7.0,2.4000000000000004,1,False,True,False,False,False,True,False,False,False,2.2836666666666585
U209,40,5.5,6.0,7.0,3.0,0.0,9.0,-2.5,1,False,False,True,False,False,False,False,False,True,-2.734666666666666
U210,44,4.5,6.0,6.0,0.0,2.0,9.0,-4.5,0,False,True,False,False,True,False,False,False,False,-4.486666666666664
U211,33,5.0,6.0,6.0,0.0,0.0,8.0,-3.0,0,True,False,False,False,False,False,False,True,False,-2.879333333333332
U212,33,4.8,5.0,6.0,4.0,3.0,9.0,-3.1999999999999993,0,False,True,False,False,False,True,False,False,False,-3.476666666666658
U213,17,9.8,4.0,9.0,5.0,0.0,6.0,8.8,1,True,False,False,False,False,True,False,False,False,9.12633333333335
U214,31,5.5,7.0,7.0,2.0,4.0,9.0,-3.5,0,True,False,False,False,False,True,False,False,False,-3.456999999999999
U215,48,6.4,4.0,6.0,2.0,3.0,7.0,1.4000000000000004,1,True,False,False,False,False,False,True,False,False,1.6026666666666605
U216,19,8.7,6.0,7.0,5.0,3.0,10.0,-0.3000000000000007,1,True,False,False,False,False,False,False,False,True,0.3836666666666678
U217,48,3.9,9.0,5.0,1.0,0.0,10.0,-10.1,0,False,True,False,False,False,False,False,True,False,-10.01899999999996
U218,29,5.6,6.0,6.0,0.0,2.0,8.0,-2.4000000000000004,1,False,True,False,False,False,False,False,True,False,-2.4633333333333223
U219,36,5.0,8.0,6.0,4.0,4.0,10.0,-7.0,0,True,False,False,False,False,True,False,False,False,-6.964999999999998
U220,35,5.3,6.0,6.0,3.0,2.0,9.0,-3.6999999999999993,0,True,False,False,False,False,False,False,True,False,-3.6476666666666815
U221,23,5.2,7.0,6.0,5.0,1.0,9.0,-4.800000000000001,0,False,False,True,False,False,False,False,False,True,-4.614666666666652
U222,22,4.2,6.0,6.0,0.0,2.0,8.0,-3.8000000000000007,0,False,True,False,False,False,False,False,False,True,-3.915333333333317
U223,18,5.9,8.0,6.0,0.0,2.0,8.0,-4.1,0,True,False,False,True,False,False,False,False,False,-3.4113333333333435
U224,32,3.6,7.0,5.0,3.0,1.0,10.0,-8.4,0,True,False,False,True,False,False,False,False,False,-8.325666666666702
U225,48,7.3,5.0,9.0,4.0,4.0,5.0,6.300000000000001,1,False,True,False,False,True,False,False,False,False,6.122999999999983
U226,27,6.6,5.0,7.0,5.0,2.0,7.0,1.5999999999999996,1,False,True,False,False,False,False,False,False,True,1.4966666666666708
U227,37,4.6,9.0,6.0,3.0,2.0,8.0,-6.4,0,True,False,False,False,False,False,False,False,True,-5.363666666666679
U228,37,4.7,9.0,6.0,3.0,1.0,10.0,-8.3,0,True,False,False,False,False,False,False,False,True,-7.832000000000004
U229,45,6.0,8.0,7.0,2.0,3.0,9.0,-4.0,0,True,False,False,True,False,False,False,False,False,-3.6836666666666655
U230,23,4.1,8.0,5.0,6.0,3.0,10.0,-8.9,0,False,True,False,False,False,True,False,False,False,-8.939666666666703
U231,42,8.8,4.0,8.0,1.0,1.0,6.0,6.800000000000001,1,True,False,False,False,False,True,False,False,False,6.622666666666643
U232,42,6.1,7.0,6.0,4.0,0.0,8.0,-2.9000000000000004,0,False,True,False,False,False,False,False,True,False,-2.5656666666666563
U233,49,6.2,6.0,8.0,1.0,3.0,8.0,0.1999999999999993,1,False,True,False,False,False,True,False,False,False,0.31400000000000106
U234,36,6.7,7.0,7.0,4.0,2.0,8.0,-1.3000000000000007,1,False,True,False,False,False,False,True,False,False,-1.3683333333333383
U235,45,4.5,8.0,6.0,1.0,3.0,10.0,-7.5,0,True,False,False,True,False,False,False,False,False,-7.505333333333333
U236,48,7.5,4.0,9.0,4.0,5.0,5.0,7.5,1,True,False,False,False,False,False,False,False,True,7.387333333333336
U237,43,5.7,7.0,7.0,3.0,2.0,9.0,-3.3000000000000007,0,True,False,False,False,False,True,False,False,False,-3.3266666666666524
U238,48,7.2,6.0,8.0,6.0,2.0,9.0,0.1999999999999993,1,False,True,False,True,False,False,False,False,False,0.3996666666666678
U239,20,5.1,4.0,5.0,2.0,1.0,9.0,-2.9000000000000004,0,True,False,False,False,False,True,False,False,False,-3.962000000000001
U240,34,7.9,6.0,8.0,4.0,2.0,7.0,2.9000000000000004,1,False,True,False,False,True,False,False,False,False,2.994333333333325
U241,19,6.2,5.0,7.0,1.0,3.0,8.0,0.1999999999999993,1,True,False,False,False,False,False,False,False,True,0.29300000000000087
U242,32,9.4,3.0,9.0,2.0,3.0,5.0,10.4,1,False,True,False,False,True,False,False,False,False,10.498000000000031
U243,43,4.8,6.0,5.0,3.0,5.0,10.0,-6.199999999999999,0,False,True,False,False,False,False,False,False,True,-6.258666666666688
U244,45,5.9,6.0,8.0,0.0,3.0,7.0,0.9000000000000004,1,False,True,False,True,False,False,False,False,False,0.850333333333336
U245,44,3.6,8.0,5.0,0.0,2.0,10.0,-9.4,0,False,True,False,False,False,False,False,True,False,-9.497000000000035
U246,21,4.5,6.0,6.0,4.0,1.0,9.0,-4.5,0,True,False,False,False,False,True,False,False,False,-4.491666666666672
U247,39,6.6,6.0,7.0,3.0,3.0,7.0,0.5999999999999996,1,True,False,False,False,False,True,False,False,False,0.5776666666666649
U248,44,7.5,6.0,9.0,2.0,1.0,6.0,4.5,1,False,True,False,False,False,False,True,False,False,4.524
U249,46,10.8,5.0,10.0,2.0,3.0,4.0,11.8,1,True,False,False,False,True,False,False,False,False,11.449666666666706
U250,48,5.3,5.0,5.0,2.0,3.0,8.0,-2.6999999999999993,0,False,True,False,False,False,True,False,False,False,-2.889333333333343
U251,36,3.8,7.0,5.0,3.0,2.0,9.0,-7.199999999999999,0,True,False,False,True,False,False,False,False,False,-7.3366666666666775
U252,47,6.9,6.0,8.0,4.0,2.0,8.0,0.9000000000000004,1,True,False,False,False,False,False,False,True,False,0.9323333333333346
U253,38,3.5,9.0,4.0,0.0,0.0,10.0,-11.5,0,True,False,False,True,False,False,False,False,False,-11.154999999999994
U254,48,6.5,5.0,8.0,6.0,4.0,8.0,1.5,1,False,True,False,False,True,False,False,False,False,1.4739999999999978
U255,18,4.6,8.0,7.0,6.0,3.0,9.0,-5.4,0,True,False,False,False,False,False,True,False,False,-5.353666666666683
U256,33,5.9,4.0,7.0,0.0,3.0,5.0,3.9,1,True,False,False,False,False,True,False,False,False,3.6703333333333292
U257,40,7.5,4.0,8.0,5.0,0.0,7.0,4.5,1,False,True,False,True,False,False,False,False,False,4.233333333333335
U258,46,5.3,7.0,8.0,5.0,5.0,9.0,-2.6999999999999993,0,False,True,False,False,False,False,False,False,True,-3.0186666666666757
U259,18,7.2,4.0,7.0,3.0,2.0,6.0,4.199999999999999,1,True,False,False,False,False,False,False,True,False,4.095333333333349
U260,39,7.1,4.0,8.0,0.0,2.0,7.0,4.1,1,True,False,False,True,False,False,False,False,False,3.87966666666667
U261,47,2.1,8.0,4.0,5.0,1.0,10.0,-11.9,0,True,False,False,False,False,False,False,True,False,-11.863333333333378
U262,37,3.9,8.0,6.0,3.0,0.0,10.0,-8.1,0,True,False,False,False,False,True,False,False,False,-8.175999999999974
U263,38,2.7,6.0,3.0,4.0,4.0,10.0,-10.3,0,True,False,False,False,False,False,False,False,True,-10.877666666666657
U264,17,9.1,4.0,9.0,7.0,4.0,4.0,10.1,1,False,True,False,False,False,False,True,False,False,10.045666666666634
U265,42,5.3,7.0,7.0,4.0,2.0,8.0,-2.6999999999999993,0,False,True,False,False,False,False,True,False,False,-2.610333333333342
U266,17,8.7,4.0,8.0,1.0,1.0,7.0,5.699999999999999,1,False,True,False,False,False,False,False,False,True,5.92300000000001
U267,41,2.6,8.0,4.0,2.0,2.0,10.0,-11.4,0,True,False,False,False,False,False,False,True,False,-11.472666666666713
U268,32,4.5,7.0,6.0,1.0,2.0,8.0,-4.5,0,False,True,False,False,False,True,False,False,False,-4.388666666666663
U269,48,6.9,5.0,9.0,4.0,1.0,6.0,4.9,1,True,False,False,True,False,False,False,False,False,4.826666666666667
U270,24,5.8,8.0,6.0,1.0,2.0,10.0,-6.199999999999999,0,True,False,False,False,False,False,False,False,True,-5.682666666666682
U271,44,6.5,5.0,6.0,2.0,3.0,8.0,-0.5,1,True,False,False,False,True,False,False,False,False,-0.10466666666666674
U272,41,3.2,8.0,6.0,0.0,4.0,10.0,-8.8,0,False,True,False,False,False,False,False,True,False,-8.733000000000015
U273,40,8.0,5.0,8.0,3.0,3.0,6.0,5.0,1,True,False,False,False,False,False,True,False,False,5.022333333333331
U274,39,6.9,5.0,7.0,3.0,0.0,9.0,-0.0999999999999996,1,False,True,False,False,False,False,False,False,True,-0.3366666666666651
U275,28,6.2,3.0,8.0,0.0,3.0,5.0,6.199999999999999,1,True,False,False,False,False,False,True,False,False,5.592000000000024
U276,22,4.3,7.0,5.0,4.0,2.0,10.0,-7.699999999999999,0,False,True,False,False,False,False,False,True,False,-7.6426666666666705
U277,35,6.1,7.0,8.0,3.0,5.0,9.0,-1.9000000000000004,1,False,True,False,False,False,False,True,False,False,-1.637666666666662
U278,16,5.0,7.0,6.0,1.0,5.0,10.0,-6.0,0,True,False,False,False,False,False,False,False,True,-6.003333333333336
U279,23,2.5,9.0,5.0,7.0,5.0,10.0,-11.5,0,False,True,False,False,False,False,False,True,False,-12.275000000000032
U280,31,5.4,5.0,8.0,5.0,2.0,7.0,1.4000000000000004,1,False,True,False,False,True,False,False,False,False,0.6650000000000021
U281,29,5.2,7.0,6.0,1.0,5.0,10.0,-5.800000000000001,0,True,False,False,False,False,False,False,False,True,-5.741000000000001
U282,27,7.4,4.0,9.0,5.0,3.0,5.0,7.399999999999999,1,True,False,False,True,False,False,False,False,False,7.228666666666698
U283,38,1.5,9.0,4.0,5.0,5.0,10.0,-13.5,0,True,False,False,False,False,True,False,False,False,-13.220333333333347
U284,30,5.9,6.0,9.0,3.0,2.0,7.0,1.9000000000000004,1,True,False,False,False,False,False,False,False,True,1.630999999999994
U285,43,3.4,7.0,7.0,4.0,2.0,10.0,-6.6,0,True,False,False,False,False,False,False,True,False,-6.863333333333312
U286,49,6.1,5.0,6.0,4.0,3.0,9.0,-1.9000000000000004,1,False,True,False,False,False,True,False,False,False,-2.202999999999992
U287,17,6.2,6.0,8.0,0.0,3.0,7.0,1.1999999999999993,1,False,True,False,False,False,False,False,False,True,1.4103333333333274
U288,47,5.3,6.0,6.0,3.0,4.0,9.0,-3.6999999999999993,0,False,True,False,False,True,False,False,False,False,-3.648333333333347
U289,38,7.0,4.0,8.0,3.0,2.0,6.0,5.0,1,True,False,False,False,True,False,False,False,False,4.978666666666666
U290,37,3.3,7.0,5.0,6.0,4.0,9.0,-7.699999999999999,0,True,False,False,True,False,False,False,False,False,-7.701666666666672
U291,40,7.5,5.0,7.0,4.0,4.0,9.0,0.5,1,False,True,False,False,False,False,True,False,False,0.35466666666666713
U292,37,4.2,9.0,7.0,2.0,2.0,8.0,-5.800000000000001,0,False,True,False,False,False,True,False,False,False,-5.480999999999982
U293,37,2.7,8.0,5.0,3.0,3.0,10.0,-10.3,0,False,False,True,False,False,False,False,True,False,-10.353666666666692
U294,21,5.0,7.0,6.0,5.0,2.0,10.0,-6.0,0,False,True,False,False,False,False,False,True,False,-5.901333333333337
U295,30,1.7,9.0,4.0,3.0,6.0,10.0,-13.3,0,True,False,False,False,False,False,True,False,False,-13.149333333333386
U296,48,6.0,5.0,7.0,2.0,0.0,7.0,1.0,1,True,False,False,False,True,False,False,False,False,1.0503333333333331
U297,23,5.0,5.0,7.0,2.0,4.0,8.0,-1.0,1,True,False,False,False,True,False,False,False,False,-1.315999999999999
U298,20,7.7,4.0,8.0,5.0,0.0,5.0,6.699999999999999,1,False,True,False,False,False,False,False,False,True,6.528333333333353
U299,19,6.7,6.0,5.0,4.0,2.0,9.0,-3.3000000000000007,0,True,False,False,True,False,False,False,False,False,-3.1526666666666587
U300,21,3.0,8.0,5.0,3.0,2.0,10.0,-10.0,0,True,False,False,False,False,True,False,False,False,-10.013666666666673
U301,47,4.0,8.0,4.0,3.0,5.0,10.0,-10.0,0,True,False,False,True,False,False,False,False,False,-9.979
U302,45,6.4,6.0,7.0,2.0,1.0,7.0,0.4000000000000003,1,True,False,False,True,False,False,False,False,False,0.3853333333333344
U303,31,7.0,5.0,6.0,3.0,4.0,8.0,0.0,1,True,False,False,False,False,False,False,False,True,0.40466666666666656
U304,28,7.7,4.0,7.0,2.0,1.0,7.0,3.6999999999999993,1,True,False,False,True,False,False,False,False,False,3.6266666666666802
U305,45,7.7,6.0,9.0,2.0,5.0,6.0,4.699999999999999,1,False,True,False,False,False,False,True,False,False,4.66033333333333
U306,34,5.3,6.0,6.0,6.0,2.0,10.0,-4.699999999999999,0,True,False,False,False,False,False,False,False,True,-4.912000000000017
U307,32,6.2,5.0,7.0,1.0,3.0,7.0,1.1999999999999993,1,True,False,False,False,False,False,True,False,False,1.133999999999995
U308,34,7.8,5.0,9.0,2.0,2.0,6.0,5.800000000000001,1,False,True,False,False,False,False,False,False,True,5.909333333333313
U309,43,5.0,5.0,6.0,0.0,4.0,8.0,-2.0,1,True,False,False,True,False,False,False,False,False,-2.0890000000000004
U310,41,6.2,8.0,9.0,0.0,4.0,7.0,0.1999999999999993,1,True,False,False,False,False,False,True,False,False,0.44366666666666704
U311,41,4.9,7.0,6.0,3.0,3.0,9.0,-5.1,0,True,False,False,False,False,False,True,False,False,-4.960666666666658
U312,38,4.5,7.0,6.0,2.0,1.0,9.0,-5.5,0,False,True,False,False,False,False,True,False,False,-5.402666666666668
U313,24,5.6,5.0,8.0,7.0,1.0,7.0,1.5999999999999996,1,False,True,False,False,False,False,False,False,True,0.9586666666666673
U314,27,4.3,7.0,7.0,2.0,1.0,8.0,-3.6999999999999993,0,False,False,True,False,False,False,False,True,False,-3.8466666666666796
U315,16,5.3,6.0,6.0,6.0,0.0,9.0,-3.6999999999999993,0,True,False,False,True,False,False,False,False,False,-3.713666666666681
U316,16,3.6,7.0,5.0,5.0,4.0,10.0,-8.4,0,False,True,False,False,False,False,True,False,False,-8.240333333333364
U317,49,5.2,7.0,8.0,3.0,2.0,8.0,-1.8000000000000007,1,True,False,False,False,False,True,False,False,False,-2.088999999999999
U318,47,6.3,5.0,8.0,7.0,2.0,8.0,1.3000000000000007,1,True,False,False,False,False,False,False,True,False,1.4216666666666633
U319,40,4.4,8.0,7.0,4.0,5.0,8.0,-4.6,0,True,False,False,False,False,True,False,False,False,-4.4143333333333254
U320,16,5.5,9.0,5.0,6.0,2.0,10.0,-8.5,0,True,False,False,True,False,False,False,False,False,-8.019333333333334
U321,31,5.8,6.0,8.0,6.0,1.0,7.0,0.8000000000000007,1,False,True,False,True,False,False,False,False,False,0.49733333333333385
U322,20,6.3,6.0,6.0,4.0,2.0,8.0,-1.6999999999999993,1,False,True,False,False,False,False,True,False,False,-0.8870000000000008
U323,37,5.3,7.0,7.0,5.0,1.0,8.0,-2.6999999999999993,0,False,True,False,False,False,False,True,False,False,-2.5853333333333413
U324,44,7.5,7.0,8.0,4.0,3.0,9.0,-0.5,1,True,False,False,False,False,False,False,False,True,1.3309999999999973
U325,18,1.7,9.0,3.0,1.0,2.0,10.0,-14.3,0,False,True,False,False,False,False,False,True,False,-13.746666666666666
U326,27,10.8,2.0,9.0,3.0,2.0,5.0,12.8,1,False,True,False,False,False,False,False,True,False,12.065000000000051
U327,41,3.9,6.0,4.0,5.0,2.0,9.0,-7.1,0,False,True,False,False,False,False,True,False,False,-7.286333333333316
U328,31,6.2,6.0,7.0,6.0,2.0,8.0,-0.8000000000000007,1,True,False,False,True,False,False,False,False,False,-0.6636666666666678
U329,37,3.8,7.0,4.0,2.0,3.0,10.0,-9.2,0,True,False,False,False,False,False,True,False,False,-8.92033333333332
U330,44,6.7,8.0,6.0,4.0,2.0,10.0,-5.300000000000001,0,False,True,False,True,False,False,False,False,False,-4.656333333333321
U331,29,6.0,8.0,7.0,3.0,2.0,7.0,-2.0,1,False,True,False,True,False,False,False,False,False,-1.476333333333334
U332,43,4.3,6.0,3.0,3.0,2.0,10.0,-8.7,0,True,False,False,False,False,False,True,False,False,-8.187666666666665
U333,20,7.4,4.0,9.0,4.0,2.0,6.0,6.399999999999999,1,False,True,False,False,True,False,False,False,False,6.380666666666691
U334,45,5.2,7.0,4.0,3.0,3.0,10.0,-7.800000000000001,0,False,True,False,False,False,False,False,True,False,-6.651333333333332
U335,20,6.5,7.0,7.0,4.0,1.0,7.0,-0.5,1,False,True,False,False,False,True,False,False,False,-0.4240000000000001
U336,27,3.8,8.0,6.0,6.0,4.0,10.0,-8.2,0,False,True,False,True,False,False,False,False,False,-8.321333333333332
U337,31,5.4,6.0,7.0,5.0,3.0,8.0,-1.5999999999999996,1,False,True,False,True,False,False,False,False,False,-2.0809999999999977
U338,41,9.1,4.0,9.0,4.0,2.0,7.0,7.100000000000001,1,True,False,False,False,True,False,False,False,False,7.444333333333307
U339,41,7.2,5.0,10.0,7.0,3.0,7.0,5.199999999999999,1,False,True,False,False,False,True,False,False,False,4.613666666666685
U340,36,6.1,7.0,7.0,5.0,2.0,9.0,-2.9000000000000004,0,True,False,False,False,False,False,False,False,True,-2.745999999999991
U341,48,4.7,6.0,7.0,3.0,0.0,8.0,-2.3000000000000007,1,False,True,False,False,True,False,False,False,False,-2.5453333333333257
U342,45,5.6,6.0,6.0,1.0,3.0,7.0,-1.4000000000000004,1,True,False,False,False,False,True,False,False,False,-0.9819999999999999
U343,38,5.9,7.0,7.0,1.0,1.0,8.0,-2.0999999999999996,1,True,False,False,False,True,False,False,False,False,-1.9856666666666734
U344,25,6.3,5.0,9.0,5.0,4.0,8.0,2.3000000000000007,1,False,True,False,True,False,False,False,False,False,2.312333333333329
U345,20,3.6,6.0,5.0,2.0,2.0,10.0,-7.4,0,True,False,False,False,False,False,False,True,False,-7.625000000000032
U346,49,6.7,6.0,8.0,1.0,4.0,8.0,0.6999999999999993,1,False,True,False,False,True,False,False,False,False,0.645333333333331
U347,46,3.5,7.0,6.0,1.0,2.0,10.0,-7.5,0,False,False,True,False,False,False,False,False,True,-7.4049999999999985
U348,25,8.4,5.0,8.0,2.0,3.0,8.0,3.3999999999999986,1,False,True,False,False,False,False,True,False,False,4.3213333333333335
U349,34,4.1,8.0,4.0,5.0,4.0,10.0,-9.9,0,False,True,False,False,False,True,False,False,False,-9.7486666666667
U350,47,6.0,6.0,7.0,3.0,2.0,8.0,-1.0,1,False,True,False,False,True,False,False,False,False,-0.8760000000000006
U351,16,7.3,5.0,9.0,0.0,2.0,8.0,3.3000000000000007,1,False,False,True,False,True,False,False,False,False,3.381666666666654
U352,20,5.0,6.0,5.0,3.0,3.0,9.0,-5.0,0,True,False,False,False,False,False,False,False,True,-5.0450000000000035
U353,19,6.1,6.0,8.0,3.0,3.0,9.0,-0.9000000000000004,1,True,False,False,False,False,False,False,True,False,-1.116
U354,31,8.1,5.0,9.0,2.0,2.0,6.0,6.100000000000001,1,False,True,False,False,True,False,False,False,False,6.265333333333312
U355,39,6.5,5.0,5.0,5.0,0.0,10.0,-3.5,0,True,False,False,False,True,False,False,False,False,-3.5856666666666697
U356,31,6.1,6.0,6.0,2.0,2.0,8.0,-1.9000000000000004,1,False,True,False,False,False,False,False,True,False,-1.5493333333333281
U357,17,2.5,9.0,4.0,5.0,4.0,10.0,-12.5,0,True,False,False,False,False,False,False,False,True,-12.765666666666691
U358,43,3.8,8.0,5.0,4.0,1.0,10.0,-9.2,0,False,True,False,False,False,True,False,False,False,-9.332999999999991
U359,47,7.4,6.0,7.0,5.0,2.0,7.0,1.4000000000000004,1,False,True,False,False,False,True,False,False,False,1.5949999999999953
U360,42,6.5,5.0,7.0,1.0,2.0,8.0,0.5,1,False,True,False,False,True,False,False,False,False,0.45933333333333326
U361,35,6.8,4.0,9.0,3.0,0.0,7.0,4.800000000000001,1,True,False,False,False,False,False,False,True,False,4.424333333333316
U362,39,6.6,6.0,7.0,3.0,1.0,7.0,0.5999999999999996,1,True,False,False,False,True,False,False,False,False,0.5713333333333324
U363,27,7.8,5.0,8.0,0.0,4.0,6.0,4.800000000000001,1,False,True,False,False,False,False,True,False,False,4.838999999999993
U364,48,5.0,8.0,6.0,5.0,0.0,10.0,-7.0,0,True,False,False,False,False,True,False,False,False,-7.003333333333333
U365,48,5.7,7.0,7.0,1.0,3.0,9.0,-3.3000000000000007,0,False,True,False,True,False,False,False,False,False,-3.307333333333319
U366,27,3.6,8.0,5.0,2.0,1.0,10.0,-9.4,0,True,False,False,False,False,False,True,False,False,-9.465666666666705
U367,18,3.2,9.0,5.0,1.0,3.0,10.0,-10.8,0,False,True,False,False,True,False,False,False,False,-10.610333333333365
U368,16,2.5,8.0,4.0,4.0,4.0,10.0,-11.5,0,False,True,False,False,False,False,False,False,True,-11.783333333333339
U369,48,3.9,6.0,5.0,0.0,2.0,10.0,-7.1,0,True,False,False,False,False,True,False,False,False,-7.432333333333313
U370,25,8.3,5.0,8.0,4.0,2.0,7.0,4.300000000000001,1,False,True,False,True,False,False,False,False,False,4.4003333333333154
U371,44,2.7,9.0,5.0,5.0,1.0,10.0,-11.3,0,False,True,False,False,False,False,True,False,False,-11.19233333333338
U372,28,5.0,7.0,5.0,4.0,0.0,9.0,-6.0,0,True,False,False,False,False,True,False,False,False,-5.47466666666667
U373,27,3.2,9.0,6.0,4.0,5.0,10.0,-9.8,0,False,False,True,False,False,False,False,True,False,-9.533666666666692
U374,46,4.4,7.0,7.0,5.0,1.0,8.0,-3.5999999999999996,0,False,True,False,False,False,False,False,False,True,-3.767000000000005
U375,17,5.8,6.0,7.0,1.0,5.0,9.0,-2.1999999999999993,1,False,True,False,False,False,False,True,False,False,-2.533666666666664
U376,38,4.2,8.0,5.0,6.0,1.0,10.0,-8.8,0,True,False,False,False,False,False,False,True,False,-8.887000000000011
U377,32,7.5,4.0,7.0,2.0,3.0,6.0,4.5,1,False,True,False,False,True,False,False,False,False,4.393333333333334
U378,41,8.3,4.0,10.0,3.0,1.0,6.0,8.3,1,False,True,False,False,False,False,False,True,False,6.6760000000000055
U379,23,1.5,9.0,3.0,2.0,3.0,10.0,-14.5,0,False,True,False,False,False,False,True,False,False,-14.116000000000003
U380,44,4.3,8.0,7.0,4.0,2.0,10.0,-6.699999999999999,0,True,False,False,False,False,False,True,False,False,-6.9083333333333545
U381,41,5.6,6.0,7.0,2.0,2.0,9.0,-2.4000000000000004,1,True,False,False,False,True,False,False,False,False,-2.567666666666657
U382,25,7.5,4.0,8.0,3.0,3.0,7.0,4.5,1,False,True,False,False,False,False,False,True,False,4.0790000000000015
U383,41,4.7,6.0,6.0,1.0,2.0,9.0,-4.300000000000001,0,False,True,False,False,False,False,False,True,False,-4.37833333333332
U384,49,5.5,7.0,5.0,5.0,0.0,10.0,-6.5,0,False,True,False,False,True,False,False,False,False,-6.2463333333333315
U385,22,3.4,8.0,6.0,4.0,4.0,10.0,-8.6,0,True,False,False,False,False,False,False,True,False,-8.529000000000007
U386,19,2.7,8.0,5.0,2.0,1.0,9.0,-9.3,0,False,True,False,False,False,True,False,False,False,-9.093666666666685
U387,26,8.1,5.0,7.0,2.0,3.0,7.0,3.0999999999999996,1,False,True,False,False,True,False,False,False,False,3.11300000000001
U388,44,2.2,9.0,4.0,4.0,4.0,10.0,-12.8,0,True,False,False,False,False,False,False,False,True,-12.715666666666714
U389,40,9.7,4.0,10.0,2.0,2.0,6.0,9.7,1,False,True,False,False,False,False,True,False,False,9.379666666666674
U390,36,6.8,5.0,8.0,3.0,4.0,8.0,1.8000000000000007,1,True,False,False,False,False,False,False,False,True,1.7550000000000008
U391,25,6.7,7.0,7.0,5.0,3.0,8.0,-1.3000000000000007,1,False,True,False,False,False,True,False,False,False,-1.4183333333333377
U392,24,6.5,7.0,6.0,1.0,1.0,7.0,-1.5,1,False,True,False,False,False,True,False,False,False,-0.8730000000000004
U393,39,5.0,5.0,6.0,4.0,5.0,8.0,-2.0,1,False,True,False,True,False,False,False,False,False,-2.016
U394,33,6.2,6.0,7.0,4.0,1.0,9.0,-1.8000000000000007,1,True,False,False,True,False,False,False,False,False,-1.8266666666666693
U395,47,5.2,7.0,7.0,3.0,2.0,9.0,-3.8000000000000007,0,True,False,False,True,False,False,False,False,False,-4.054333333333331
U396,39,6.5,5.0,7.0,2.0,2.0,8.0,0.5,1,True,False,False,False,True,False,False,False,False,0.4503333333333333
U397,38,5.4,8.0,9.0,5.0,3.0,8.0,-1.5999999999999996,1,False,True,False,False,False,False,False,True,False,-1.9090000000000078
U398,47,3.8,8.0,4.0,2.0,4.0,10.0,-10.2,0,True,False,False,False,False,True,False,False,False,-10.069666666666649
U399,27,3.9,7.0,5.0,0.0,4.0,10.0,-8.1,0,False,True,False,False,False,False,False,False,True,-8.094999999999976
U400,28,3.7,8.0,5.0,4.0,3.0,10.0,-9.3,0,False,True,False,False,False,False,False,False,True,-9.335333333333342
U401,38,7.2,5.0,8.0,1.0,2.0,9.0,1.1999999999999993,1,True,False,False,False,False,False,False,False,True,0.9773333333333286
U402,40,4.4,7.0,5.0,4.0,0.0,10.0,-7.6,0,False,True,False,False,False,False,False,False,True,-7.692666666666649
U403,45,2.1,10.0,5.0,6.0,1.0,10.0,-12.9,0,False,True,False,True,False,False,False,False,False,-12.559333333333386
U404,32,6.2,6.0,8.0,4.0,5.0,7.0,1.1999999999999993,1,False,True,False,False,False,False,False,False,True,1.1496666666666615
U405,35,8.2,4.0,9.0,5.0,0.0,6.0,7.199999999999999,1,False,True,False,False,False,False,False,True,False,6.774000000000019
U406,40,6.9,3.0,8.0,7.0,1.0,6.0,5.9,1,False,True,False,True,False,False,False,False,False,5.490000000000018
U407,37,4.4,7.0,6.0,5.0,4.0,10.0,-6.6,0,True,False,False,False,False,False,False,False,True,-6.5120000000000084
U408,28,2.6,10.0,3.0,4.0,3.0,10.0,-14.4,0,False,True,False,False,True,False,False,False,False,-13.729000000000047
U409,34,5.3,6.0,6.0,6.0,4.0,8.0,-2.6999999999999993,0,True,False,False,False,False,False,True,False,False,-2.6916666666666673
U410,27,5.2,4.0,7.0,7.0,3.0,9.0,-0.8000000000000007,1,True,False,False,False,False,False,True,False,False,-3.2706666666666617
U411,34,3.8,7.0,6.0,7.0,5.0,10.0,-7.199999999999999,0,False,True,False,False,False,False,True,False,False,-7.248999999999992
U412,27,6.5,7.0,7.0,2.0,3.0,10.0,-3.5,0,False,True,False,True,False,False,False,False,False,-3.4810000000000008
U413,24,8.8,5.0,9.0,0.0,3.0,6.0,6.800000000000001,1,False,True,False,False,False,False,False,False,True,7.176666666666652
U414,22,5.9,5.0,6.0,2.0,1.0,9.0,-2.0999999999999996,1,True,False,False,False,False,True,False,False,False,-2.269666666666675
U415,43,5.8,6.0,7.0,4.0,3.0,9.0,-2.1999999999999993,1,False,True,False,False,False,True,False,False,False,-2.7136666666666622
U416,29,3.8,7.0,6.0,3.0,2.0,8.0,-5.199999999999999,0,True,False,False,False,False,True,False,False,False,-5.306333333333323
U417,46,8.0,4.0,8.0,3.0,2.0,9.0,3.0,1,False,True,False,True,False,False,False,False,False,2.5363333333333338
U418,34,5.4,4.0,5.0,4.0,4.0,10.0,-3.5999999999999996,0,True,False,False,False,False,False,False,True,False,-4.39933333333333
U419,31,4.5,8.0,5.0,0.0,4.0,10.0,-8.5,0,False,True,False,False,True,False,False,False,False,-8.467666666666672
U420,20,5.6,8.0,8.0,3.0,5.0,8.0,-2.4000000000000004,1,False,True,False,False,True,False,False,False,False,-2.191333333333325
U421,27,6.3,4.0,9.0,5.0,5.0,6.0,5.300000000000001,1,False,False,True,False,False,False,True,False,False,5.115666666666652
U422,40,5.8,7.0,8.0,4.0,4.0,8.0,-1.1999999999999993,1,True,False,False,False,False,False,True,False,False,-1.1466666666666634
U423,36,7.7,5.0,8.0,4.0,0.0,8.0,2.6999999999999993,1,False,True,False,False,False,True,False,False,False,3.012666666666676
U424,38,6.2,7.0,6.0,6.0,5.0,10.0,-4.800000000000001,0,True,False,False,False,False,True,False,False,False,-4.315999999999985
U425,31,5.0,7.0,6.0,3.0,4.0,10.0,-6.0,0,True,False,False,False,False,False,True,False,False,-5.921666666666667
U426,29,6.2,6.0,9.0,2.0,1.0,8.0,1.1999999999999993,1,True,False,False,False,False,False,False,False,True,1.1269999999999958
U427,46,6.4,6.0,8.0,5.0,4.0,8.0,0.4000000000000003,1,True,False,False,False,False,False,False,True,False,0.49833333333333535
U428,20,3.2,7.0,5.0,5.0,1.0,9.0,-7.800000000000001,0,False,True,False,False,False,False,False,True,False,-7.854000000000001
U429,38,7.6,6.0,9.0,4.0,3.0,8.0,2.6000000000000014,1,False,True,False,False,False,False,False,True,False,3.0130000000000092
U430,44,5.0,6.0,5.0,3.0,1.0,10.0,-6.0,0,False,True,False,False,False,False,False,True,False,-6.089000000000003
U431,26,5.0,6.0,6.0,3.0,1.0,10.0,-5.0,0,True,False,False,False,False,False,True,False,False,-5.215666666666669
U432,33,6.9,6.0,7.0,0.0,4.0,7.0,0.9000000000000004,1,True,False,False,False,True,False,False,False,False,1.1983333333333333
U433,27,6.8,5.0,8.0,5.0,4.0,7.0,2.8000000000000007,1,False,True,False,False,False,False,True,False,False,2.8316666666666577
U434,24,4.2,8.0,7.0,5.0,3.0,7.0,-3.8000000000000007,0,False,True,False,False,False,False,False,True,False,-3.77766666666665
U435,25,6.9,7.0,7.0,0.0,2.0,9.0,-2.0999999999999996,1,True,False,False,False,False,False,True,False,False,-2.0053333333333403
U436,32,4.5,8.0,5.0,5.0,0.0,10.0,-8.5,0,False,False,True,False,False,False,False,True,False,-8.446333333333339
U437,22,8.8,2.0,9.0,4.0,2.0,7.0,8.8,1,True,False,False,True,False,False,False,False,False,8.045000000000002
U438,28,4.0,7.0,5.0,1.0,3.0,9.0,-7.0,0,False,True,False,False,False,True,False,False,False,-7.1116666666666655
U439,24,5.9,7.0,6.0,1.0,2.0,8.0,-3.0999999999999996,0,False,True,False,False,True,False,False,False,False,-2.667333333333333
U440,42,4.1,6.0,6.0,4.0,2.0,9.0,-4.9,0,False,True,False,True,False,False,False,False,False,-5.107666666666675
U441,17,9.5,4.0,9.0,2.0,2.0,4.0,10.5,1,True,False,False,False,False,False,False,False,True,10.548666666666673
U442,20,3.3,8.0,4.0,7.0,2.0,10.0,-10.7,0,False,True,False,False,False,False,True,False,False,-10.538999999999973
U443,44,6.4,5.0,6.0,5.0,3.0,6.0,1.4000000000000004,1,True,False,False,False,False,False,False,False,True,1.743999999999993
U444,34,4.2,8.0,4.0,4.0,2.0,10.0,-9.8,0,False,True,False,False,False,False,True,False,False,-9.645333333333348
U445,23,4.9,7.0,7.0,4.0,5.0,7.0,-2.0999999999999996,1,True,False,False,False,False,True,False,False,False,-1.98033333333334
U446,16,6.3,6.0,7.0,6.0,0.0,8.0,-0.6999999999999993,1,True,False,False,True,False,False,False,False,False,-0.6559999999999985
U447,37,7.7,4.0,8.0,5.0,2.0,8.0,3.6999999999999993,1,True,False,False,False,False,True,False,False,False,3.605666666666682
U448,32,8.4,5.0,9.0,4.0,1.0,7.0,5.399999999999999,1,False,True,False,False,False,False,False,True,False,5.462000000000017
U449,22,2.7,6.0,6.0,1.0,3.0,8.0,-5.300000000000001,0,False,True,False,False,False,True,False,False,False,-5.300333333333316
U450,40,6.0,4.0,6.0,9.0,3.0,8.0,0.0,1,False,True,False,False,False,True,False,False,False,0.21233333333333324
U451,19,8.1,5.0,9.0,1.0,5.0,7.0,5.100000000000001,1,True,False,False,False,False,False,False,True,False,5.020666666666665
U452,21,2.5,9.0,3.0,2.0,5.0,10.0,-13.5,0,True,False,False,False,False,False,True,False,False,-13.611666666666663
U453,46,6.1,6.0,8.0,0.0,1.0,6.0,2.0999999999999996,1,True,False,False,False,False,False,False,True,False,2.08533333333334
U454,34,5.5,6.0,5.0,4.0,3.0,10.0,-5.5,0,True,False,False,True,False,False,False,False,False,-5.533666666666665
U455,42,6.2,6.0,6.0,3.0,3.0,6.0,0.1999999999999993,1,True,False,False,False,False,True,False,False,False,0.6279999999999981
U456,25,4.1,6.0,5.0,5.0,1.0,9.0,-5.9,0,False,True,False,False,False,False,False,True,False,-6.539666666666663
U457,41,2.9,8.0,3.0,0.0,3.0,10.0,-12.1,0,True,False,False,False,False,True,False,False,False,-11.66099999999996
U458,34,2.1,9.0,4.0,5.0,2.0,10.0,-12.9,0,False,True,False,True,False,False,False,False,False,-12.917333333333385
U459,18,7.3,5.0,8.0,1.0,1.0,7.0,3.3000000000000007,1,False,True,False,False,False,False,False,False,True,3.2486666666666526
U460,28,7.5,6.0,8.0,3.0,2.0,6.0,3.5,1,True,False,False,True,False,False,False,False,False,3.8449999999999984
U461,43,6.0,6.0,5.0,5.0,1.0,9.0,-4.0,0,False,True,False,False,True,False,False,False,False,-3.6673333333333327
U462,35,4.5,7.0,8.0,4.0,4.0,8.0,-2.5,1,False,True,False,False,True,False,False,False,False,-3.681333333333335
U463,43,2.6,9.0,5.0,4.0,5.0,10.0,-11.4,0,True,False,False,False,True,False,False,False,False,-11.605333333333377
U464,23,6.5,5.0,10.0,5.0,3.0,5.0,6.5,1,False,True,False,False,False,True,False,False,False,5.84166666666667
U465,16,3.5,8.0,5.0,4.0,3.0,10.0,-9.5,0,True,False,False,False,False,False,True,False,False,-9.675999999999998
U466,18,4.2,7.0,7.0,2.0,3.0,10.0,-5.800000000000001,0,False,True,False,False,False,False,True,False,False,-6.11633333333334
U467,28,4.4,7.0,7.0,3.0,4.0,8.0,-3.5999999999999996,0,False,True,False,False,False,False,True,False,False,-3.7840000000000016
U468,43,5.1,6.0,6.0,3.0,4.0,9.0,-3.9,0,False,True,False,False,False,True,False,False,False,-4.044999999999998
U469,40,4.1,6.0,7.0,1.0,2.0,10.0,-4.9,0,False,True,False,True,False,False,False,False,False,-5.421333333333345
U470,48,5.6,6.0,6.0,5.0,3.0,8.0,-2.4000000000000004,1,True,False,False,False,False,False,True,False,False,-2.3529999999999904
U471,21,4.4,5.0,6.0,4.0,3.0,7.0,-1.5999999999999996,1,False,True,False,False,False,False,False,False,True,-2.1010000000000084
U472,47,6.8,5.0,4.0,3.0,1.0,10.0,-4.199999999999999,0,True,False,False,False,True,False,False,False,False,-3.805666666666682
U473,36,7.4,3.0,8.0,5.0,4.0,5.0,7.4,1,True,False,False,True,False,False,False,False,False,6.711666666666688
U474,31,5.7,7.0,5.0,3.0,5.0,10.0,-6.300000000000001,0,True,False,False,False,True,False,False,False,False,-5.995333333333314
U475,36,6.3,7.0,7.0,3.0,4.0,8.0,-1.6999999999999993,1,True,False,False,False,False,False,True,False,False,-1.596999999999997
U476,26,9.3,3.0,8.0,2.0,1.0,6.0,8.3,1,True,False,False,True,False,False,False,False,False,8.359333333333351
U477,34,3.4,8.0,5.0,4.0,0.0,10.0,-9.6,0,False,True,False,False,False,False,False,True,False,-9.73199999999997
U478,35,3.3,9.0,6.0,4.0,4.0,10.0,-9.7,0,False,True,False,False,False,False,False,False,True,-9.472666666666676
U479,33,6.8,6.0,8.0,2.0,1.0,9.0,-0.1999999999999993,1,False,True,False,False,False,False,True,False,False,-0.5143333333333331
U480,29,9.0,4.0,10.0,3.0,3.0,4.0,11.0,1,True,False,False,False,False,False,True,False,False,10.649666666666663
U481,30,5.0,7.0,8.0,2.0,5.0,7.0,-1.0,1,False,True,False,False,False,False,False,False,True,-1.2773333333333337
U482,46,8.6,4.0,8.0,2.0,2.0,4.0,8.600000000000001,1,True,False,False,False,False,False,False,False,True,8.050666666666631
U483,16,5.7,6.0,6.0,0.0,2.0,8.0,-2.3000000000000007,1,True,False,False,False,False,False,False,True,False,-2.1866666666666617
U484,18,4.3,7.0,7.0,3.0,3.0,10.0,-5.699999999999999,0,False,True,False,False,False,False,True,False,False,-6.102666666666676
U485,31,3.7,7.0,7.0,0.0,1.0,9.0,-5.300000000000001,0,True,False,False,False,False,True,False,False,False,-5.61399999999998
U486,38,6.6,6.0,8.0,2.0,1.0,7.0,1.5999999999999996,1,False,True,False,False,False,False,True,False,False,1.3463333333333303
U487,26,3.9,8.0,5.0,2.0,3.0,10.0,-9.1,0,False,True,False,False,True,False,False,False,False,-9.194666666666636
U488,27,5.6,7.0,7.0,5.0,2.0,8.0,-2.4000000000000004,1,True,False,False,True,False,False,False,False,False,-2.259333333333326
U489,25,8.4,5.0,9.0,1.0,3.0,7.0,5.399999999999999,1,True,False,False,True,False,False,False,False,False,5.595666666666679
U490,47,4.9,7.0,7.0,1.0,7.0,10.0,-5.1,0,True,False,False,False,True,False,False,False,False,-5.261666666666657
U491,31,7.9,5.0,8.0,2.0,3.0,6.0,4.9,1,False,True,False,True,False,False,False,False,False,4.92966666666666
U492,23,3.3,10.0,4.0,2.0,1.0,10.0,-12.7,0,False,True,False,False,False,False,False,False,True,-10.92833333333333
U493,27,4.5,5.0,7.0,6.0,5.0,9.0,-2.5,1,True,False,False,True,False,False,False,False,False,-2.7296666666666662
U494,39,3.0,7.0,2.0,1.0,0.0,10.0,-12.0,0,True,False,False,True,False,False,False,False,False,-11.062999999999992
U495,43,5.6,8.0,6.0,2.0,0.0,10.0,-6.4,0,True,False,False,False,True,False,False,False,False,-6.492333333333336
U496,23,6.9,5.0,7.0,4.0,2.0,10.0,-1.0999999999999996,1,False,True,False,False,False,False,False,True,False,-1.3133333333333364
U497,43,5.6,7.0,6.0,5.0,2.0,9.0,-4.4,0,True,False,False,True,False,False,False,False,False,-4.19566666666667
U498,41,7.7,5.0,7.0,2.0,2.0,8.0,1.6999999999999993,1,False,True,False,False,False,True,False,False,False,2.5103333333333384
U499,23,4.2,9.0,7.0,0.0,2.0,9.0,-6.800000000000001,0,False,True,False,True,False,False,False,False,False,-6.35966666666665
U500,43,5.9,5.0,8.0,3.0,3.0,7.0,1.9000000000000004,1,True,False,False,False,False,False,False,True,False,1.8449999999999918
